Year,YearCode,Country me,Country Code,ari,adjsav_eduexp,ado_fert_rate,agedep_work,agedep_young,agrland,brate,gen_eq_rate,gov_debt,fert_rate,c_gdp,grow_gdp,percap_gdp,gini,percap_healthexp,healthexp_gdp,ishare_low20,de_gdp,lifeexp_f,lifeexp_m,lifeexp,mortrate_inf,mortrate_un5,mortrate_un5f,mortrate_un5m,grow_pop,immu_dpt,immu_mea,hiv_fe15up
2010,YR2010,Afghanistan,AFG,,,99.0956,103.1196255,98.72202557,58.12366803,37.952,2,,5.659,10243250246,8.433290483,1183.045192,,44.18755767,2.352934012,,9.437794759,60.877,58.384,59.60009756,74.3,103.7,100.4,106.7,2.458417085,66,62,35.4
2010,YR2010,Albania,ALB,,2.842803983,16.9946,49.09844562,34.03620988,43.84306569,12.607,,,1.741,10725150216,3.5,7791.755363,,220.2285618,2.532118389,,3.45934259,80.149,73.959,76.9785122,16.1,18.1,16.3,19.7,-0.033072394,99,99,
2010,YR2010,Algeria,DZA,,4.467195632,9.894599,46.74161021,39.79643005,17.3709137,24.514,,,2.817,1.17E+11,3.6,7249.23081,,198.1556376,3.46547982,,16.11997643,72.229,69.081,70.61660976,18.4,21.5,19,23.8,1.850437766,95,95,66.4
2010,YR2010,American Samoa,ASM,,,,,,24.5,,,,,,,,,,,,,,,,,,,,-1.08866745,,,
2010,YR2010,Andorra,ADO,,2.88915,,,,42.76595745,9.8,,,1.22,,,,,2957.555643,5.288827408,,,,,,2.9,3.5,3.1,3.8,-0.960624635,99,99,
2010,YR2010,Angola,AGO,,3.51677,178.994,100.9154763,96.05088401,46.83564611,46.327,3.5,,6.218,50371160616,3.407643628,5048.113176,,146.1098503,2.061268093,,22.39392353,52.138,49.241,50.65417073,104.6,173.1,164.5,181.1,3.235949546,91,93,58.8
2010,YR2010,Antigua and Barbuda,ATG,,2.15941,51.755,50.30065907,39.42865982,20.45454545,16.966,,,2.13,1009445957,-7.738048039,17610.21611,,771.3825134,4.196068792,,-0.01076741,77.795,72.99,75.33390244,9.8,10.6,9.4,11.7,1.07531016,98,98,
2010,YR2010,Argenti,ARG,,6.00979,55.3724,55.0337578,38.56671016,53.61111416,17.188,,,2.215,,,,44.49,759.2994333,5.336252936,4.38,,79.462,72.046,75.66356098,13.3,14.8,13.3,16.3,0.872125702,94,98,32.7
2010,YR2010,Armenia,ARM,56.8,2.219690404,27.4816,45.05936088,29.75886946,60.91994382,14.14,4.5,,1.738,7611465936,2.2,6582.659928,31.3,133.7855992,1.811066442,8.82,7.768715481,77.657,70.946,74.21965854,16.2,18.2,16.1,20.2,-0.157055826,94,97,16.4
2010,YR2010,Aruba,ABW,,5.51976,29.2944,45.15723299,30.20673986,11.11111111,10.804,,,1.701,,,,,,,,,77.429,72.593,74.95202439,,,,,0.176341695,,,
2010,YR2010,Australia,AUS,,4.77535,13.6454,47.90993233,28.01903413,51.88289965,13.12014792,,29.34143459,1.87,7.99E+11,2.087575995,34620.92336,,5173.502443,6.190147313,,0.886791258,84,79.5,81.69512195,4.2,5,4.4,5.6,1.306921925,92,94,21.8
2010,YR2010,Austria,AUT,,5.28818,6.926,48.32884055,21.88182744,38.40599934,9.4,,74.35938181,1.44,3.26E+11,1.769168996,35201.15515,,4964.154032,8.36486373,,1.440785495,83.2,77.7,80.38292683,3.5,4.2,3.7,4.6,0.292401674,83,76,21.8
2010,YR2010,Azerbaijan,AZE,,3.42265,40.2016,40.090103,31.79128977,57.67034456,18.5,4,6.384869328,1.92,28310397707,4.854339505,8906.799546,,307.143758,1.168020723,,13.7565528,73.609,67.442,70.45029268,33.4,38.5,35.3,41.5,1.189787708,75,67,10.6
2010,YR2010,"Bahamas, The",BHS,,3.8356,29.7914,41.74084644,31.87948178,1.498501499,15.531,,,1.901,7575468595,0.987986326,27169.934,,1704.175024,3.522415174,,-0.12152524,77.705,71.628,74.59239024,14.5,17.6,16.2,18.9,1.680063014,99,94,50.6
2010,YR2010,Bahrain,BHR,,3.02843,14.1442,28.04236676,25.43970114,11,16.265,,,2.142,17792456287,4.337221976,21487.71473,,747.5676034,3.057328874,,27.56821498,77.048,75.519,76.26485366,8.6,10.1,9.7,10.4,4.91074705,99,99,
2010,YR2010,Bangladesh,BGD,,1.8106,83.8282,56.92045597,49.68703485,70.99177998,20.934,4,,2.277,81471733197,6.069339864,1464.323189,32.12,24.76974672,1.349000369,8.88,6.473622698,70.229,68.778,69.48580488,37.5,47.2,44.2,50.1,1.079332362,95,94,31.5
2010,YR2010,Barbados,BRB,,7.37295,48.8082,42.29543484,27.48665275,32.55813953,12.859,,96.75921005,1.839,4033125825,0.253473526,23260.59626,,1003.432519,4.338626612,,-3.705047015,77.247,72.473,74.80178049,17.7,19.3,17.5,20.9,0.496960276,86,85,25.4
2010,YR2010,Belarus,BLR,,4.39722,21.4162,40.43305826,20.85218004,43.85411533,11.4,,19.59371506,1.44,42939088225,7.7,12504.80624,27.7,319.6404007,4.314805547,9.01,11.11354358,76.5,64.6,70.40487805,4.7,6.1,5.3,6.9,-0.178975676,98,99,29.5
2010,YR2010,Belgium,BEL,,6.12141,8.1798,51.37793157,25.39593033,44.84808454,11.9,,88.66452269,1.84,4.00E+11,2.323167946,32842.35822,,4548.253106,7.932313536,,2.053077908,83,77.6,80.23414634,3.5,4.4,3.9,4.9,0.913639392,99,95,31.6
2010,YR2010,Belize,BLZ,,6.92215,74.3238,64.89179519,58.46219331,6.882946076,24.443,,,2.801,1277466194,3.880725327,6776.437311,,262.0861784,3.84767823,,0.53626713,76.295,70.39,73.2704878,16.5,19.3,17.1,21.2,2.486631811,96,98,45.2
2010,YR2010,Benin,BEN,,4.26573,96.17241,86.22322416,80.86041008,30.06385243,37.865,3.5,,5.095,5230812508,2.552817841,1321.271334,,32.74173045,2.222971152,,1.864187901,60.146,57.414,58.74668293,62.3,96.2,91.7,100.4,2.869601321,83,69,58.6
2010,YR2010,Bermuda,BMU,,2.12255,,,,14.8,12.07,,,1.764,4975071875,-2.094113534,,,,,,1.048907542,82.08,76.63,79.28853659,,,,,-0.780059723,,,
2010,YR2010,Bhutan,BTN,74.2,3.24195,44.9078,52.13107717,45.27568361,13.54378288,20.524,4,,2.375,1287238647,11.67752758,5030.863158,,89.09907008,3.610550932,,6.031325186,67.312,66.712,67.00468293,38.2,48.1,43.7,52.2,1.744281396,91,95,26
2010,YR2010,Bolivia,BOL,,5.22169,74.40659,68.73162471,60.81808808,34.12258839,26.482,4,,3.357,11954060130,4.126722747,4252.444494,,108.2405534,3.619350457,,8.777508131,68.537,64.208,66.31970732,35.3,44.9,40.8,48.9,1.619836344,80,79,30.8
2010,YR2010,Bosnia and Herzegovi,BIH,,,15.8756,48.07537285,25.75920094,42.03921569,8.609,4.5,,1.242,12803068421,0.699999999,7290.090045,,452.8535376,6.965994143,,2.285952514,78.445,73.294,75.80668293,6.5,7.5,6.6,8.2,-0.195262665,89,91,
2010,YR2010,Botswa,BWA,,7.61146,47.3862,60.60782245,55.01329341,45.63195878,24.299,,,2.761,12116816309,8.594135556,12988.39142,,382.0207748,3.317922267,,18.92154395,45.924,46.932,46.44029268,43.6,57.7,53.1,62,0.899049579,96,94,55.9
2010,YR2010,Brazil,BRA,,5.49423,72.7076,47.92874276,37.70967821,32.32148303,15.576,,52.20616911,1.838,1.10E+12,7.533615453,10079.28675,,990.2665826,4.235572317,,8.228535058,76.779,69.548,73.07531707,14.5,16.3,14.2,18.2,0.884609443,98,99,31.4
2010,YR2010,Brunei Darussalam,BRN,,2.02524,23.8208,43.37578079,38.12852288,2.163187856,16.788,,,2.051,9849702194,2.598965911,45319.25463,,914.7369492,2.519974391,,5.308065628,79.956,76.115,77.98865854,6.8,8.2,7.4,8.9,1.552041358,95,94,
2010,YR2010,Bulgaria,BGR,,4.12315,38.3686,46.31667594,19.48577511,46.53647752,10,,14.93887326,1.49,32991740544,0.4,11505.79644,,480.1895778,4.221257049,,2.793715946,77.2,70,73.51219512,11.3,13,11.6,14.3,-0.672541561,94,97,20.3
2010,YR2010,Burki Faso,BFA,56,3.37766,121.1052,94.08893877,89.27885589,44.09722222,42.524,3.5,,5.869,7105465610,7.939698739,1204.503648,,39.09643151,4.076182783,,7.198596767,55.584,54.457,55.0067561,70.1,114.6,109.2,119.7,2.907424319,91,92,59.1
2010,YR2010,Burundi,BDI,54.7,8.72082,31.5648,86.77208339,82.05394435,88.39563863,45.193,4,,6.304,1391766915,3.785902542,475.3842531,,22.57734631,3.182245696,,12.30329598,54.366,50.965,52.62402439,71.1,111.8,104.7,118.6,3.371194115,96,92,59.9
2010,YR2010,Cabo Verde,CPV,,4.94593,74.98441,60.17482644,50.98975829,18.61042184,20.93,4.5,,2.427,1532903134,3.673308328,4018.994537,,144.7392528,3.654829016,,-1.634001733,77.869,70.036,73.85697561,20.1,23.7,21,26.3,0.387747515,99,97,53.2
2010,YR2010,Cambodia,KHM,64.2,1.63446,45.3874,58.39410458,50.42671617,32.03602991,26.225,4,,2.966,8693197236,5.963078575,1937.074928,,47.9756782,1.299434091,,3.12059287,73.379,68.038,70.64336585,37.3,43.8,38.8,48.5,1.54834755,92,93,55.3
2010,YR2010,Cameroon,CMR,,3.10516,121.7918,87.47007803,81.38530077,20.30843435,38.624,3,,5.017,19209829593,3.343429598,1957.219013,,61.34140038,1.521120212,,3,54.752,52.688,53.69482927,65,102.6,96,109,2.55560127,84,79,57.9
2010,YR2010,Cada,CAN,,4.47921,14.2042,44.14943616,23.7440538,6.957555443,11.1,,52.68409364,1.6269,1.20E+12,3.214948408,35222.5043,,5257.409923,8.083433567,,2.944408564,83.162,78.733,80.8934878,4.9,5.6,5.1,6,1.177940253,95,97,19.7
2010,YR2010,Cayman Islands,CYM,,,,,,11.25,15,,,,,,,,,,,,,,,,,,,2.2481454,,,
2010,YR2010,Central African Republic,CAF,29.8,1.14471,101.6496,80.31283584,73.29120183,8.154354875,35.056,2.5,,4.626,1895403785,6.635415455,871.4454465,,17.15777614,1.942080043,,-1.423878463,49.916,46.368,48.09873171,95.4,137.8,131,144.3,1.942316597,45,53,58.8
2010,YR2010,Chad,TCD,26.2,2.25891,163.9606,105.5256598,100.3749018,39.3360864,47.481,2.5,,6.596,8425171572,13.55010086,1822.868995,,30.64455166,1.006072763,,6.391195051,50.595,48.984,49.76985366,93.1,159,151.1,166.2,3.026858444,39,46,58.4
2010,YR2010,Channel Islands,CHI,,,8.805599,45.13907121,22.18148042,47.89473684,9.735,,,1.436,,,,,,,,,81.974,77.791,79.8314878,,,,,0.599216463,,,
2010,YR2010,Chile,CHL,,4.56018,56.579,45.60751802,32.2378091,21.1732649,14.329,,,1.858,1.48E+11,5.762972706,14443.37713,,932.5717268,3.480276762,,8.829351424,82.055,76.189,79.05046341,7.9,9.2,8.3,10,0.931579125,92,93,13
2010,YR2010,Chi,CHN,,1.80661,8.4818,36.04076656,24.68134906,55.6206886,11.9,,,1.65,3.84E+12,10.4,6819.319174,,218.7801814,2.702666017,,6.684109668,76.207,73.626,74.88502439,13.7,16,14.8,17,0.482959689,99,99,28.4
2010,YR2010,Colombia,COL,64.2,3.90466,70.8418,52.38543379,43.82746098,38.30824696,19.779,,62.61871032,2.376,1.83E+11,3.971800705,8449.586448,55.91,407.2042206,4.870184561,3,3.856258895,77.14,69.775,73.36768293,16.1,18.7,16.4,20.9,1.392446101,88,88,30.2
2010,YR2010,Comoros,COM,,4.188552784,53.8806,82.20449251,76.89824902,83.28855454,37.061,3,,4.919,413107576,2.051229554,1057.709871,,39.06400434,3.032413742,,4.352133106,61.593,58.88,60.20341463,60.9,82.6,76.7,88.2,2.517814139,74,72,29.1
2010,YR2010,"Congo, Dem. Rep.",ZAR,40.3,2.42834,133.9808,93.40893925,87.93209793,11.36278424,44.017,2.5,,6.251,9438751813,7.174203174,335.6794655,,14.85547976,2.120425854,,22.40742272,50.744,47.315,48.98768293,104.5,155.1,146,163.7,2.779638721,60,74,59
2010,YR2010,"Congo, Rep.",COG,,2.46641,128.2182,83.93223978,77.66661369,30.92240117,38.662,3,,5.072,7852666838,8.751655799,3748.223075,,68.10026466,1.386578971,,20.72202923,58.589,55.885,57.20402439,65.5,101.7,96,107.1,2.876009218,90,90,58
2010,YR2010,Costa Rica,CRI,,6.2387,62.7296,45.8058181,36.32836234,36.81942812,15.704,,,1.847,25017792423,4.954320527,10455.74031,,802.1360128,7.1084405,,7.960913667,81.665,77.008,79.27970732,9,10.3,9.2,11.3,1.472579678,88,83,43.9
2010,YR2010,Cote d'Ivoire,CIV,,4.32469,128.3752,81.55352475,75.91207885,64.46540881,36.533,2.5,,4.91,18217368879,2.394382751,1761.359789,,70.81381365,1.51547282,,1.900142458,50.482,48.907,49.67529268,79.8,113.9,105,122.3,1.997228019,85,70,56.7
2010,YR2010,Croatia,HRV,,4.12972,13.0756,48.88926151,22.77590042,23.83488206,9.8,,,1.46,46279296510,-1.40514702,15917.32464,,1050.689577,6.620080909,,-0.076249335,79.6,73.5,76.47560976,4.4,5.2,4.8,5.7,-0.253199032,97,96,15.5
2010,YR2010,Cuba,CUB,,12.93185,43.9374,42.34932917,24.64754499,61.72491545,9.908,,,1.467,55436887631,2.388246462,,,583.371882,9.70383129,,1.206742149,80.827,76.709,78.71778049,4.7,6,5.3,6.6,-0.062541555,96,99,15.6
2010,YR2010,Curacao,CUW,,,29.4108,49.30084714,29.61025523,,14.1,,,2.2,,,,,,,,,,,,,,,,1.268231839,,,
2010,YR2010,Cyprus,CYP,,6.85852,5.904601,41.51567402,25.14556231,12.33766234,11.665,,102.2997423,1.478,19207097486,1.3,25198.03189,,2011.790843,3.184947155,,1.740049019,81.438,77.283,79.30982927,2.9,3.6,3.3,3.9,1.196967402,99,87,
2010,YR2010,Czech Republic,CZE,,4.24543,7.3904,41.98607042,20.15135986,54.81615743,11.1,,34.99728295,1.49,1.48E+11,2.469311484,23619.69184,,1402.636017,6.250730201,,-1.581595662,80.6,74.4,77.42439024,3.4,4.1,3.6,4.5,0.310506715,99,98,15.3
2010,YR2010,Denmark,DNK,,8.13074,5.4082,52.96284706,27.47575879,61.89017205,11.4,,43.48276888,1.87,2.57E+11,1.577242002,32378.5798,,6253.248582,9.462866626,,4.143480405,81.2,77.1,79.1,3.3,4,3.6,4.4,0.444197155,90,85,26.5
2010,YR2010,Djibouti,DJI,,,19.9944,60.85957755,54.91265889,73.4253667,28.385,3,,3.604,,,,,99.0097519,5.391890252,,,61.858,58.799,60.29119512,69.3,85.9,80.1,91.4,1.47004189,88,85,57.3
2010,YR2010,Dominica,DMA,,3.13722,,,,34.66666667,13.11000885,3,,,459398784.9,0.964531355,11190.36836,,409.6212686,4.192942336,,-2.891245934,,,,11.9,13.1,12,14.2,0.24056904,98,99,
2010,YR2010,Dominican Republic,DOM,,1.87715,103.2332,59.1793547,49.62329827,50.64155629,21.907,,,2.584,47848657632,7.751220866,8312.003566,47.2,280.5456467,2.753456589,4.67,5.141807804,76.02,69.718,72.79214634,24.1,28.8,25.8,31.7,1.33192851,88,79,52.3
2010,YR2010,Ecuador,ECU,,1.37589,79.6208,59.03540723,49.22664493,30.18883878,21.794,,,2.655,48764673105,2.953077302,7691.748078,49.26,318.4353037,3.196550919,4.29,4.890408361,78.642,72.796,75.64770732,21,24.8,21.7,27.8,1.644315182,99,95,21.7
2010,YR2010,"Egypt, Arab Rep.",EGY,,4.411125573,45.2646,58.7456705,50.02732317,3.687779396,24.078,,,2.883,1.21E+11,5.146618791,5759.764965,,125.2886577,1.856915262,,10.10750976,72.852,68.164,70.45082927,19.6,23,21.9,24.1,1.6799567,97,96,23.7
2010,YR2010,El Salvador,SLV,,3.03281,78.6746,63.81880985,52.56416826,73.80984556,20.433,,49.52073694,2.263,18341273340,1.364783667,5953.333736,,237.5749496,4.245399689,,2.269601045,76.447,67.051,71.63441463,14.9,17.3,15.2,19.2,0.559780505,92,92,38.2
2010,YR2010,Equatorial Guinea,GNQ,,1.15841,116.7244,73.09405926,68.05837963,10.83778966,36.645,,,5.14,9718622518,-1.698176343,25619.21619,,846.513873,2.431265237,,26.3309213,52.979,50.156,51.53307317,76.4,107,100.7,113.1,2.813841402,33,51,55.8
2010,YR2010,Eritrea,ERI,,1.72272,69.93399,82.27973156,78.42503921,75.16831683,38.47,3.5,,4.968,1056636372,2.194189769,448.1003027,,12.71147579,1.288293651,,11.57375823,63.575,58.909,61.18509756,39.5,55.9,50.4,61.2,3.244274642,99,99,60.2
2010,YR2010,Estonia,EST,,5.4925,19.2578,48.99002736,22.94479985,22.38735551,11.8,,9.109930881,1.63,13897254467,2.564990907,16611.32788,,897.8908241,5.004880787,,0.300692298,80.5,70.6,75.42926829,3.5,4.4,3.9,4.8,-0.008207632,94,95,31.3
2010,YR2010,Ethiopia,ETH,,2.88234,83.0288,91.3286081,85.00423757,34.985,34.689,3,,4.902,19946243845,9.937345319,879.0422996,,15.49539161,2.55772538,,3.855907596,62.898,60.106,61.46795122,51,76.2,69.5,82.5,2.625877046,63,66,63.8
2010,YR2010,Faeroe Islands,FRO,,,,,,2.148997135,,,,,,,,,,,,,84.4,78.7,81.4804878,,,,,-0.03831379,,,
2010,YR2010,Fiji,FJI,,6.00677,43.8054,51.20631543,43.90533466,23.40448823,21.555,,,2.67,3032066121,0.111136994,4167.193327,,154.7707553,2.948041277,,8.012582944,72.414,66.495,69.38231707,19.3,22.7,20.1,25.2,0.943360267,99,99,21.3
2010,YR2010,Finland,FIN,,6.28978,9.219001,50.69192256,24.87404017,7.538664034,11.4,,49.19876458,1.87,2.04E+11,3.363032326,31321.67696,,3955.189649,6.674848574,,0.342978659,83.2,76.7,79.87073171,2.6,3.1,2.8,3.4,0.457494535,99,98,29.4
2010,YR2010,France,FRA,,5.26575,7.440801,54.21810427,28.30383738,53.22097652,12.9,,89.11862534,2.03,2.20E+12,1.724854544,29521.68133,,4618.458145,8.976436319,,0.960813216,84.8,78.1,81.36829268,3.5,4.3,3.8,4.7,0.506134562,99,89,31.2
2010,YR2010,French Polynesia,PYF,,,39.496,43.90279214,34.18258325,12.15846995,16.966,,,2.11,,,,,,,,,78.029,73.469,75.69339024,,,,,0.994615277,,,
2010,YR2010,Gabon,GAB,,3.06321,107.8006,78.4433106,68.93843167,20.02561416,32.686,,,4.214,9684595588,6.7,12810.78293,,308.6692567,1.823447856,,18.5325326,63.35,61.28,62.2897561,45.3,67.2,61.7,72.6,2.410682988,67,62,68
2010,YR2010,"Gambia, The",GMB,68.8,3.09914,113.8668,94.16995769,89.26961095,60.77075099,43.345,3.5,,5.796,784275580.7,6.526297444,1763.779946,,26.84174636,2.480021003,,4.299804641,59.456,56.874,58.1335122,50.7,78.2,73.1,83,3.161849526,97,92,59.9
2010,YR2010,Georgia,GEO,,2.79289,48.4266,46.01851344,25.25845562,35.52309685,13.815,4.5,36.79972018,1.82,8241335083,6.253027581,4545.903468,42.1,271.6254716,2.400809912,5.03,8.543367383,77.403,70.124,73.67473171,19.1,21.5,18.6,24.2,0.945436152,91,94,23.5
2010,YR2010,Germany,DEU,,4.39411,6.1854,52.01924921,20.38659296,47.91003242,8.3,,55.610501,1.39,2.95E+12,4.012465914,33511.71502,,4654.009456,8.836751863,,1.034071954,82.6,77.5,79.98780488,3.5,4.2,3.8,4.6,-0.153198447,93,97,17.1
2010,YR2010,Gha,GHA,,4.65696,62.0744,73.9184656,67.75071801,69.43834051,32.213,4,,4.052,14804825657,8.007036608,1486.312418,,68.5271628,3.024430232,,16.47657737,61.521,59.722,60.59956098,51.1,76.4,70.7,81.9,2.3830749,94,93,57.5
2010,YR2010,Greece,GRC,,3.24716,11.7806,50.38520634,21.82695874,63.24282389,10.1,,129.2397317,1.51,2.41E+11,-4.943155039,23998.69414,,2872.730798,6.638941557,,1.134929606,83,77.9,80.38780488,4,4.7,4.4,5.1,0.219050225,99,99,22.6
2010,YR2010,Greenland,GRL,,,,,,0.574735047,15.3,,,2.2,,,,,,,,,72.8,67.8,70.23902439,,,,,1.028023326,,,
2010,YR2010,Greda,GRD,,3.75304,38.178,53.2718343,42.16560425,32.35294118,19.457,4.5,,2.24,672704074.1,-0.04152375,9496.54625,,438.4120364,2.633685352,,1.085760608,74.841,69.952,72.33687805,11.8,14,12.9,15.2,0.364640812,97,95,
2010,YR2010,Guam,GUM,,,48.9316,53.29884635,42.16102753,33.33333333,17.781,,,2.472,,,,,,,,,80.942,75.395,78.10085366,,,,,0.514996689,,,
2010,YR2010,Guatemala,GTM,,2.89353,101.2128,84.98060305,76.80739674,41.01343785,32.193,,24.41978736,3.974,32556756309,2.869481449,4309.051666,,196.8998609,2.389584534,,5.141909138,74.609,67.555,70.99597561,28.3,34.3,30.7,37.7,2.489228283,94,93,37.2
2010,YR2010,Guinea,GIN,,2.31043,140.1908,85.20703639,79.33899181,57.95214065,38.172,3.5,,5.174,3267609255,1.936217423,897.9452165,,29.41280344,2.01180028,,20.1995783,56.075,54.558,55.298,69.9,109.5,104.3,114.5,2.634474394,64,58,60.4
2010,YR2010,Guinea-Bissau,GNB,52.1,2.28879,108.9898,81.34317614,75.98811291,57.9658606,38.585,2.5,,5.115,676484295.8,1.718401556,1034.950348,,38.21673343,2.312285306,,3.472523585,55.115,52.076,53.55843902,85.2,137.1,126.6,147.1,2.276985694,80,69,58
2010,YR2010,Guya,GUY,,3.42802,93.49001,68.94563606,63.45320402,8.519177038,21.585,3.5,,2.682,918902044.8,4.370869417,2682.106978,,168.5663604,4.477199963,,6.702989858,68.328,63.202,65.7024878,30.5,37.3,32.3,42.1,0.647151503,95,95,51.8
2010,YR2010,Haiti,HTI,,1.46165201,43.7398,68.3872241,60.87532399,64.22351234,26.75,3,,3.35,4307682995,-5.416012559,1002.139874,,45.56015949,2.744385328,,4.726625491,63.704,60.117,61.8667561,73.1,175.1,165.8,183.6,1.335082224,60,58,58.3
2010,YR2010,Honduras,HND,,3.546232205,87.618,69.77558638,62.4690605,28.77826437,26.831,4,,3.154,11546149370,3.731075443,3530.947869,,176.4281163,4.335787356,,4.676108788,75.357,70.463,72.85031707,20.9,24.7,21.7,27.5,2.006024707,95,98,41
2010,YR2010,"Hong Kong SAR, Chi",HKG,,3.06454,3.199,33.40586389,16.20077063,,12.6,,35.55814075,1.127,2.20E+11,6.793283695,42848.02138,,,,,0.272058845,86,80.1,82.97804878,,,,,0.734446396,,,
2010,YR2010,Hungary,HUN,,4.93549,15.1054,45.69835293,21.33625843,59.01910969,9,,82.9759946,1.25,1.09E+11,1.258152876,16958.29498,,1002.03141,5.045797711,,2.188421293,78.1,70.5,74.20731707,5.6,6.5,6,7.1,-0.226013876,99,99,9.8
2010,YR2010,Iceland,ISL,,8.96195,12.6128,49.39966205,31.25422734,15.87032419,15.4,,111.5414615,2.2,16388130235,-4.098777486,32755.28755,,3667.511161,7.460458263,,6.919123411,84.1,79.8,81.89756098,1.9,2.5,2.2,2.7,-0.143903,96,93,29
2010,YR2010,India,IND,,3.08236,39.9062,54.41669707,46.59104149,60.45997733,21.281,3.5,50.42909228,2.563,1.25E+12,10.546392,3121.615618,33.9,51.35615469,1.055149054,8.54,8.857825474,67.469,64.004,65.6942439,47.1,61.2,64.3,58.3,1.292848795,72,74,38.2
2010,YR2010,Indonesia,IDN,,2.72764,49.5988,53.46522097,45.77725368,30.13960267,20.051,,26.00774808,2.434,3.78E+11,6.223852323,3873.133874,35.57,84.06421374,1.026802292,7.63,8.257201248,72.232,68.202,70.16785366,27.8,33.6,29.6,37.5,1.3341207,62,75,38.4
2010,YR2010,"Iran, Islamic Rep.",IRN,,4.11034,31.5844,40.40229137,33.15839552,29.9260078,19.11,,,1.904,,,,,302.0277145,2.125906856,,,75.098,71.256,73.13014634,16.5,19.2,18.2,20.2,1.242350137,99,99,20.6
2010,YR2010,Iraq,IRQ,,,70.841,80.50626436,74.42135624,18.90311291,32.317,,,4.211,45092292873,5.85718776,3270.348463,,246.7526977,6.919262702,,14.62633598,72.599,65.24,68.8297561,29.7,36.2,32.8,39.5,2.649523348,74,75,
2010,YR2010,Ireland,IRL,,5.94543,11.5432,48.50703956,31.70032752,66.30860793,16.5,,86.37369672,2.07,2.07E+11,-0.766234434,36785.91447,,4241.637945,6.354800846,,-1.827698477,83.2,78.7,80.89512195,3.5,4.2,3.8,4.6,0.34509126,94,90,29.6
2010,YR2010,Isle of Man,IMY,,,,,,76.14035088,,,,,,,,,,,,,,,,,,,,0.835704418,,,
2010,YR2010,Israel,ISR,,5.63831,10.2754,60.44416908,43.70200145,23.90942699,21.8,,,3.03,1.65E+11,5.664478716,26197.48249,,2197.896642,4.741517348,,6.984579437,83.6,79.7,81.60243902,3.6,4.5,4.2,4.8,1.82675241,94,96,30.4
2010,YR2010,Italy,ITA,,4.43318,5.0798,52.28269665,21.3804584,48.69381927,9.3,,117.6832874,1.41,1.76E+12,1.723288452,27059.09553,,3246.847039,7.409831607,,0.388241439,84.4,79.2,81.73658537,3.4,4,3.6,4.3,0.481764994,96,91,10.4
2010,YR2010,Jamaica,JAM,,5.76796,72.95901,58.43647755,46.00941877,41.45891043,15.3,,,2.334,,-1.480026897,,,258.6459405,2.878465717,,9.879841749,75.509,70.312,72.84712195,15.3,17.8,15.4,20.1,0.207530463,99,89,34.2
2010,YR2010,Japan,JPN,,3.185158284,5.297201,56.85929397,20.84102738,12.60082305,8.5,,174.7508833,1.39,4.65E+12,4.652111856,31029.74657,,3958.467531,7.4170251,,-2.164497815,86.3,79.55,82.84268293,2.4,3.2,3,3.4,-0.084310163,98,94,15.3
2010,YR2010,Jordan,JOR,,5.610157836,27.6578,62.55644493,57.03367727,11.28970489,28.869,,61.37345765,3.458,17030688372,2.307055764,5248.543209,35.43,370.0103358,5.62641717,7.71,8.436039987,75.079,71.871,73.43587805,17.3,20.3,19.2,21.4,2.190539893,98,98,
2010,YR2010,Kazakhstan,KAZ,,4.413397639,29.1888,46.121446,36.40267197,77.29192132,22.53,,10.18534315,2.59,77245319067,7.299999999,10915.66313,,395.0648173,2.527218126,,19.5422854,73.32,63.51,68.29536585,19.5,21.9,18.5,25.2,1.417845541,99,99,38
2010,YR2010,Kenya,KEN,,5.91597,96.25441,82.41805109,77.64776304,48.23066381,36.681,3.5,,4.616,23516785868,5.764827125,1471.083459,,34.85764894,1.762491666,,1.972315257,61.161,58.01,59.54707317,51.7,79,73.9,83.8,2.686665341,83,86,56.9
2010,YR2010,Kiribati,KIR,,,18.8346,59.8622847,53.70285266,41.97530864,23.413,2.5,,3.048,110681568.6,-0.500305552,2239.021637,,161.9121296,8.653259709,,1.119402919,70.768,65.137,67.88382927,48.2,62.8,57.6,67.6,1.516406657,91,89,
2010,YR2010,"Korea, Dem. Rep.",PRK,,,0.6392,45.86548958,33.0618081,21.21916784,14.408,,,2.003,,,,,,,,,72.45,65.515,68.89792683,24.8,31.4,28.1,34.6,0.526494859,93,99,29.9
2010,YR2010,"Korea, Rep.",KOR,,4.21603,2.1824,37.58911349,22.34724582,18.25952626,9.4,,,1.226,1.02E+12,6.320254036,26774.03745,,1451.775175,4.116134838,,3.614171834,84.1,77.2,80.56585366,3.5,4.1,3.8,4.4,0.462512996,94,98,29.4
2010,YR2010,Kosovo,KSV,,,,51.88034188,41.70940171,,18.53,3.5,,2.2893,4776327556,3.2,,,,,,3.80538208,72.01,67.86,69.88439024,,,,,0.803248961,,,
2010,YR2010,Kuwait,KWT,,3.18568,14.7202,37.65289194,34.69836864,8.529741863,21.314,,,2.673,86235752843,-2.370603652,39403.14423,,1224.97489,2.112612477,,15.50541759,75.131,73.239,74.16192683,9.7,11.2,10.3,12.1,4.844689281,98,98,
2010,YR2010,Kyrgyz Republic,KGZ,,5.95653,29.4612,52.61711295,45.8553187,55.32794578,26.8,4.5,,3.06,3055806771,-0.471566603,2026.370671,36.51,59.83553423,3.710140719,6.77,10.03390355,73.5,65.3,69.3,26.9,30.5,26.7,34,1.192864429,96,99,18.7
2010,YR2010,Lao PDR,LAO,,1.05939,69.04601,68.08093329,61.80376418,10.30329289,28.226,3.5,,3.29,4021824832,8.526905517,2242.122019,,30.3059985,1.218111749,,10.01845717,68.245,65.616,66.89843902,58.2,78.4,72.9,83.5,2.017570299,74,64,46
2010,YR2010,Latvia,LVA,,5.573478081,15.3768,48.20720996,20.97852159,29.00064267,8.6,,49.88284724,1.17,15502642580,-0.343503564,12948.31309,,762.1586536,4.056887582,,-2.315719341,78.4,68.8,73.48292683,8.2,9.4,8.5,10.2,-0.704344542,91,92,30.4
2010,YR2010,Lebanon,LBN,,1.58805,12.1776,47.39514239,34.9408393,62.56109482,12.822,,,1.513,29991683920,7,12288.82793,,574.2819957,1.67794999,,0.12967746,81.488,77.124,79.25278049,8.7,10.2,9.6,10.6,2.193097318,81,80,29.4
2010,YR2010,Lesotho,LSO,,9.74033,89.6572,72.16779868,64.80397182,76.61396574,27.904,4,,3.207,1766292382,7.868952848,1602.041061,,115.7164406,8.110049914,,2.817172845,47.739,47.24,47.48341463,76.8,108.4,100.9,115.3,0.952694441,83,85,58.4
2010,YR2010,Liberia,LBR,,3.08376,127.2386,86.63407532,80.90154687,27.30481728,37.141,2.5,,5.024,960255604.2,10.9425022,492.5599045,,40.63750055,3.121024264,,5.473708436,60.366,58.547,59.43431707,60.8,82.5,76.5,88.1,3.510900571,70,65,59
2010,YR2010,Libya,LBY,,,2.7546,51.55954961,44.62690464,8.857428646,21.912,,,2.525,,,,,388.791449,2.111304586,,,76.767,72.912,74.7924878,14.5,16.9,15,18.6,1.270944227,98,98,
2010,YR2010,Liechtenstein,LIE,,2.36979,,,,40.625,9.1,,,1.4,,,,,,,,,,,,,,,,0.747526789,,,
2010,YR2010,Lithuania,LTU,,5.39184,13.9352,44.37385776,21.99119704,44.23294775,10.8,,43.35403685,1.55,27346902406,1.330192805,15534.51471,,782.0235752,5.136697263,,2.029189149,78.8,68,73.26829268,5.6,6.8,6.1,7.4,-1.588738747,95,96,11
2010,YR2010,Luxembourg,LUX,,3.52779,8.8598,46.27687003,25.80931209,50.59459459,11.6,,17.54185774,1.63,40696164752,3.101429733,67742.46093,,8193.487867,6.620343374,,7.154211105,83.5,77.9,80.63170732,2,2.5,2.2,2.7,1.825405804,99,96,30.7
2010,YR2010,"Macao SAR, Chi",MAC,,2.76248,3.4762,24.88110537,15.88804742,,9.481,,,1.003,20684077559,27.49864978,58817.30709,,,,,4.597316717,82.068,77.431,79.69295122,,,,,2.463383491,,,
2010,YR2010,"Macedonia, FYR",MKD,,4.902626588,19.8932,41.01261235,24.58304443,44.36954798,10.942,,,1.452,7140170814,2.893290982,9104.278067,43.56,299.5020073,4.079131653,4.89,2.719618112,77.047,72.508,74.72214634,8.7,9.9,9.1,10.6,0.078900273,95,98,
2010,YR2010,Madagascar,MDG,,2.65872,127.4148,86.06408727,80.76795726,71.18169,35.46,3.5,,4.654,5804539998,0.528013582,849.1192449,44.11,15.08365292,2.078310176,5.41,9.337774347,64.852,61.919,63.34973171,43.6,62.9,58.6,67.2,2.80876582,85,73,46.5
2010,YR2010,Malawi,MWI,70.3,4.39173,149.7682,95.63524081,89.62426652,59.18540518,40.865,3.5,,5.636,3290262502,-9.528520185,657.7296981,43.91,28.46863766,6.231310966,5.64,26.44817559,53.52,53.414,53.46570732,52.6,82.9,77.8,87.8,2.976902311,93,93,58
2010,YR2010,Malaysia,MYS,,4.14536,8.5408,48.19951903,41.02665414,23.95373611,17.609,,51.05825301,2.002,1.79E+11,7.425006152,13801.36069,,367.9636542,2.439307948,,4.118682772,76.886,72.219,74.49558537,7.2,8.4,7.6,9.3,1.73196504,94,96,13.7
2010,YR2010,Maldives,MDV,,5.04299,6.8942,53.80917608,46.10393573,23.33333333,22.236,4,66.56332877,2.339,1518834121,7.058757632,7338.726985,,408.8470824,3.785907255,,0.441201391,77.865,75.759,76.78631707,11.2,13,11.6,14.4,1.870035931,96,97,29.6
2010,YR2010,Mali,MLI,,3.88913,177.695,98.79862668,93.03438866,33.61853482,47.747,3.5,,6.841,6971653981,5.819314829,1095.119233,33.02,39.48080017,2.817370989,7.97,4.183789187,53.593,53.94,53.77073171,83.4,137.8,131.6,143.8,3.098167701,76,63,59.1
2010,YR2010,Malta,MLT,,5.61982,18.4074,43.08698965,22.35555116,32.1875,9.6,,82.94168669,1.38,6652772997,2.711745796,22696.80438,,1706.469864,5.447951475,,2.927276059,83.1,78.9,80.94878049,5.9,6.9,6.3,7.4,0.48290065,76,73,29.6
2010,YR2010,Marshall Islands,MHL,,6.50956,,,,72.22222222,,,,,147320122,5.6,,,516.5816344,14.36490437,,1.969293241,,,,31.5,38.8,34,43.2,0.166079699,94,97,
2010,YR2010,Mauritania,MRT,,3.83073,76.98301,77.60568881,72.02959806,38.52818473,35.207,4,,4.837,2835163755,5.083128031,2110.187532,,58.90978473,4.02920623,,21.37138709,62.567,59.553,61.0232439,66.8,89.1,80.6,97.2,2.620121515,64,67,58.5
2010,YR2010,Mauritius,MUS,,3.08405,31.7984,40.63211559,29.75507564,44.82758621,11.7,,37.86748804,1.47,7826157632,4.109994779,12278.62638,,464.7699997,2.713108374,,1.773808609,76.65,69.46,72.96731707,12.9,14.9,13.2,16.6,0.461041617,99,99,27.4
2010,YR2010,Mexico,MEX,,5.15991,65.7736,56.31699304,46.96494209,52.97564238,19.544,,,2.281,9.57E+11,5.066466411,12412.4785,47.16,603.356072,3.100497921,4.93,4.105650226,79.156,74.342,76.69029268,14.7,17.1,15.4,18.8,1.249350271,95,95,22.6
2010,YR2010,"Micronesia, Fed. Sts.",FSM,,,21.304,68.76333633,62.27300281,30.09463722,23.731,,,3.46,246418335.6,2.530561756,3178.137889,,365.4735611,12.464455,,3.368222773,69.494,67.791,68.62173171,33,40.8,36.6,44.7,-0.350671355,85,80,
2010,YR2010,Moldova,MDA,,7.73793,31.0848,38.5561095,23.09795874,75.02891581,12.348,5,26.32298147,1.477,3501430332,7.094071762,2793.380334,33.03,190.425316,5.347429923,7.8,11.07709966,72.422,64.683,68.45812195,16.1,18.8,16.6,20.9,-0.099359336,90,97,33.6
2010,YR2010,Moco,MCO,,1.17233,,,,,,,,,,,,,6663.401309,3.852597029,,,,,,3.2,4,3.6,4.3,1.451658237,99,99,
2010,YR2010,Mongolia,MNG,87,5.09384,18.8364,44.44047218,38.93139706,73.1146528,22.931,3.5,44.98061014,2.437,3453733410,6.365161685,3677.980549,,123.9652046,3.140695896,,20.03329976,70.985,62.999,66.89460976,25.2,30.2,24.2,35.8,1.504774668,96,97,49.7
2010,YR2010,Montenegro,MNE,,,16.5508,46.90415034,28.59508724,38.0669145,12.056,,,1.698,2803866144,2.5,10343.6511,28.58,583.8900435,5.961604865,8.75,1.582849442,76.759,72.186,74.41673171,6.4,6.9,6.5,7.3,0.10810934,94,90,
2010,YR2010,Morocco,MAR,,5.20098,34.5518,49.57298618,42.06606011,67.19314363,21.833,,52.33609631,2.583,75523499824,3.642974764,4268.026114,,166.3969849,2.06517819,,0.645351297,71.953,68.475,70.17158537,28.8,33.5,29.9,36.9,1.162766615,99,98,38.4
2010,YR2010,Mozambique,MOZ,,4.01833,147.6662,94.46898885,88.18013218,62.81950202,40.666,3.5,,5.409,9127794919,7.084660132,805.0484575,,24.70825629,3.316264377,,10.48425996,50.184,48.14,49.13707317,71.1,101.3,96.2,106.2,2.561990555,74,82,59
2010,YR2010,Myanmar,MMR,69.3,0.83706,13.7232,45.27388537,37.87484181,19.17460123,17.896,,,2.003,,,,,17.33110903,0.240778706,,,66.683,62.583,64.583,43.7,56,50.5,61.3,0.75526502,90,88,31.8
2010,YR2010,mibia,M,,7.96808,62.71281,69.8623472,64.00376162,47.13891824,27.077,,,3.229,8902636343,6.273523236,6092.025934,,269.431485,3.206228817,,1.549853761,65.387,59.712,62.48029268,31.1,45.3,41,49.3,1.641183728,83,75,57.9
2010,YR2010,Nepal,NPL,,4.20249,82.1172,72.50301106,64.01202041,29.71049878,23.108,4,33.86252123,2.619,10103288981,4.81641465,1204.525981,32.82,27.55314463,1.892960356,8.27,15.14693245,68.221,66.042,67.10492683,36.4,45.5,42.9,48,1.127817132,82,86,31.6
2010,YR2010,Netherlands,NLD,,4.735803838,5.8166,49.13052465,26.10134691,56.58760747,11.1,,62.04922042,1.79,6.83E+11,1.52764573,36888.28572,,5683.063435,10.26867211,,0.824238134,82.7,78.8,80.70243902,3.7,4.4,3.9,4.8,0.512923101,97,96,15.3
2010,YR2010,New Caledonia,NCL,,,21.3184,49.32332313,35.12427642,13.73085339,16.7,,,2.193,,,,,,,,,78.827,72.968,75.82604878,,,,,1.780615762,,,
2010,YR2010,New Zealand,NZL,,7.16214,27.2258,50.36462463,30.80846911,43.32535794,14.76,,47.89541617,2.16,1.19E+11,0.236521891,25215.025,,3266.817968,8.38522845,,4.704458064,82.7,78.8,80.70243902,4.9,6,5.3,6.6,1.197674273,93,91,22.6
2010,YR2010,Nicaragua,NIC,,2.96455,105.5584,64.15593941,56.64510183,42.76217384,23.929,3.5,,2.631,7290785418,3.622666628,3255.616998,,113.0850586,5.687492402,,6.675390025,76.94,70.8,73.79512195,22,26.1,23,29,1.364073562,98,99,30.4
2010,YR2010,Niger,NER,,3.5156,206.7062,110.1189988,104.6925299,34.56382727,50.052,2.5,,7.584,4381636015,8.369239798,641.5471241,,17.40364302,2.380867928,,2.554677393,57.127,56.851,56.98563415,67.1,126.6,122.9,130.1,3.788020894,70,71,54.2
2010,YR2010,Nigeria,NGA,,0.85,121.3328,87.79765248,82.67336989,83.66546988,41.933,3,,6.022,1.59E+11,7.839739477,2170.057238,48.83,67.11868541,1.708526252,4.41,26.75076167,51.587,51.006,51.28941463,82.6,132.4,126.4,138,2.746547633,54,56,57.5
2010,YR2010,Northern Maria Islands,MNP,,,,,,6.52173913,,,,,,,,,,,,,,,,,,,,-2.598691197,,,
2010,YR2010,Norway,NOR,,6.58019,8.265599,51.09082262,28.40967317,3.306491372,12.6,,35.70121992,1.95,3.16E+11,0.478112087,46773.90317,,8038.694586,7.984463889,,6.289197536,83.2,78.9,80.99756098,2.5,3.1,2.8,3.5,1.24566618,93,93,29.4
2010,YR2010,Oman,OMN,,4.20754,11.793,42.6817001,39.10122844,5.720193861,21.787,,5.02441009,2.901,41930341498,5.588027154,24753.12022,,568.3341593,2.216395792,,18.85028947,78.238,73.958,76.04580488,10.3,11.9,10.7,13.1,5.107008134,99,99,24.1
2010,YR2010,Pakistan,PAK,,1.56468,28.7256,66.00448055,58.82930695,34.24657534,26.644,2,,3.43,1.30E+11,1.606680858,2324.335183,,28.03580786,0.787624057,,10.85024793,66.994,65.3,66.12634146,72.2,90,86.2,93.7,1.780304322,86,82,27.3
2010,YR2010,Palau,PLW,,,,,,10.86956522,,,,,171792215.1,-0.762522977,14830.97304,,965.6229675,8.785171821,,0.267399387,,,,15.6,22,19.8,24.2,0.617437155,69,39,
2010,YR2010,Pama,PAN,,3.53283,80.9526,56.45476781,45.86866105,30.40086091,20.403,,,2.549,23122824847,7.452241997,12066.99135,51.92,662.6548885,6.079832936,3.3,2.411155442,79.964,74.077,76.94870732,16.9,19.7,17.4,21.8,1.707807397,94,97,31
2010,YR2010,Papua New Guinea,PNG,,,64.019,71.92247508,67.14678174,2.627743674,30.233,2.5,,3.954,6553203636,8,2217.108837,,56.73072022,3.087500265,,9.259259259,64.158,59.96,62.00780488,50.7,66.6,61.4,71.4,2.272562677,56,55,56.8
2010,YR2010,Paraguay,PRY,,3.71064,69.09859,63.15648571,54.72317875,52.83161339,24.294,,,2.968,11148152795,13.09300152,5312.810884,52.42,271.6098444,3.285246511,3.26,6.100265781,74.246,69.913,72.02665854,20,23.6,21.1,26,1.754352603,89,94,42.1
2010,YR2010,Peru,PER,68.4,2.27229,52.328,56.22113731,46.85685299,16.7734375,20.547,,21.60019891,2.511,1.12E+11,8.791191124,8502.608135,48.14,258.1617078,2.743304961,3.91,4.278814347,76.673,71.269,73.90509756,15.7,20.2,18.1,22.1,1.129026372,93,94,31.4
2010,YR2010,Philippines,PHL,,2.44263,49.7054,63.93184633,57.84093038,40.24549753,25.025,,,3.151,1.31E+11,7.632263915,3553.502243,,88.74407102,1.496366387,,4.222388865,71.726,64.901,68.23026829,24.7,31.6,27.7,35.3,1.681274082,79,80,17.6
2010,YR2010,Poland,POL,,4.98691,13.286,39.93103642,21.00249015,48.00788955,10.8,,,1.38,3.83E+11,4.070924982,17372.27207,33.75,851.0791379,5.001695415,7.69,1.239702961,80.6,72.1,76.24634146,5.1,5.9,5.3,6.4,0.084050257,99,98,20.4
2010,YR2010,Portugal,PRT,,5.72153,14.2558,49.61923274,22.66568248,40.19897234,9.5,,94.62503363,1.36,1.97E+11,1.936409694,21779.64611,,2305.872722,7.05742048,,0.621030321,82.1,76.1,79.02682927,3.1,3.8,3.5,4.2,0.045736149,98,96,29.9
2010,YR2010,Puerto Rico,PRI,,,48.3844,50.30064976,30.76501774,21.4205186,11.3,,,1.664,77337254438,-0.413254118,,,,,,2.286500731,82.141,74.412,78.1822439,,,,,-0.514688433,,,
2010,YR2010,Qatar,QAT,,1.88076,11.7572,17.4127514,16.1205296,5.684754522,11.676,,,2.085,92687851406,16.73155586,70239.31111,,1488.595797,1.592698872,,9.842350258,79.047,77.288,78.14604878,6.9,8.1,7.5,8.6,11.21527041,97,99,
2010,YR2010,Romania,ROM,,3.35741,30.927,42.55262768,21.4027734,61.53444903,9.9,,,1.33,1.12E+11,-1.649025153,10715.06249,24.24,457.2307647,4.777780112,9.61,6.02294406,77.3,69.8,73.45853659,11.8,13.5,12,15,-0.197584308,94,95,30
2010,YR2010,Russian Federation,RUS,,3.544344317,27.1526,38.92996466,20.72940244,13.05377645,12.5,,9.098105645,1.54,9.09E+11,4.503725626,14181.57581,,670.3640455,3.799341723,,14.18703858,74.9,63,68.80487805,10,11.7,10.3,13,0.336969496,97,98,35.3
2010,YR2010,Rwanda,RWA,50.2,4.22099,37.2708,88.6038117,84.28798975,77.82732063,36.914,4,,4.841,3818993880,7.218691998,1055.865022,,55.22403979,5.715145064,,2.479232687,63.739,60.758,62.21214634,43.7,63.8,59.5,68,2.874467786,97,95,58.4
2010,YR2010,Samoa,WSM,,4.41554,29.6202,76.44955124,67.53644408,12.36749117,27.931,3.5,,4.338,425313171.7,0.4,3829.717244,,204.0746573,5.503795351,,1.417611462,75.641,69.329,72.40802439,15.5,18.1,16.4,19.8,0.714803183,87,61,
2010,YR2010,San Marino,SMR,,,,,,16.66666667,10.5,,,,,,,,3386.97909,6.082725061,,,86.12545455,80.33454545,83.15937916,3.1,3.5,3.2,3.8,0.529574493,79,68,
2010,YR2010,Sao Tome and Principe,STP,,,69.62099,82.46670368,75.86944955,50.52083333,36.234,3,,4.287,144835069.6,4.511410893,1543.663959,,94.13270702,2.652847619,,11.73954712,67.841,63.961,65.85368293,40.1,56.9,52.3,61.3,2.838571317,98,92,52.5
2010,YR2010,Saudi Arabia,SAU,,7.186186687,10.7526,50.82427585,46.33819438,80.64185999,20.774,,,2.829,4.36E+11,7.434452819,24864.35174,,658.9520417,2.647192793,,14.27606771,76.94,73.3,75.07560976,8.5,9.9,9.1,10.7,1.70946364,98,98,
2010,YR2010,Senegal,SEN,,5.21994,95.88319,87.71607714,81.91032244,49.36892952,38.561,3.5,,5.05,10366034228,4.266247626,1677.617535,,59.5772784,3.277130831,,1.536099426,64.296,61.457,62.84187805,47.3,66.8,61.7,71.7,2.848854845,89,82,65.9
2010,YR2010,Serbia,SRB,89.7,4.99598,17.8488,44.1120999,24.3116765,57.74068145,9.4,,,1.4,27879217077,1.009543034,9602.434165,29.62,546.0264001,6.410436434,8.36,4.889696434,76.6,71.4,73.93658537,6.6,7.6,6.8,8.4,-0.402005901,91,95,22.7
2010,YR2010,Seychelles,SYC,,4.62848,57.7174,42.66408187,31.82913203,6.52173913,16.8,,75.53937453,2.1,1138398917,5.945430656,20640.01389,,368.1420211,3.040603312,,-4.204108299,77.4,69.7,73.45609756,11.7,13.6,12.4,14.7,2.792329069,99,99,
2010,YR2010,Sierra Leone,SLE,73.7,3.40629,107.9974,80.90682771,76.26261054,47.96146328,38.283,3,,4.943,2130751273,5.441246559,996.548259,,67.73178528,3.1924887,,16.92544656,44.988,44.697,44.83895122,122.7,192.6,183.5,201.3,1.944982993,84,80,59.3
2010,YR2010,Singapore,SGP,,3.01722,6.0114,35.78373639,23.54802089,1.057142857,9.3,,105.0010572,1.15,1.69E+11,14.78078601,52313.90845,,2004.787653,1.406817191,,0.212429702,84,79.2,81.54146341,2.2,2.8,2.6,3.1,1.770661207,97,95,29.4
2010,YR2010,Sint Maarten (Dutch part),SXM,,,,,,,,,,,,,,,,,,,,,,,,,,-3.333512092,,,
2010,YR2010,Slovak Republic,SVK,,3.89133,17.7908,37.80617432,20.84601601,40.43791978,11.1,,46.55843081,1.4,76899962691,4.182900159,20120.69302,,1445.142849,5.810665693,,0.491641303,78.8,71.6,75.11219512,6.8,8.1,7.3,8.9,0.212173182,99,98,9.1
2010,YR2010,Slovenia,SVN,,5.38675,2.277,44.24490231,20.21328293,23.99702085,10.9,,,1.57,39034227961,1.379539352,25052.85592,,2064.487017,6.531251179,,-1.066980391,82.7,76.3,79.42195122,2.8,3.4,3.1,3.7,0.436079485,96,95,8.9
2010,YR2010,Solomon Islands,SLB,,3.830722506,67.04681,78.72075166,72.83612217,3.251161129,32.698,3,,4.236,555854393.5,7,2484.107792,,93.43990154,6.94960793,,5.607476636,68.446,65.753,67.06665854,27.2,32.8,29.2,36.2,2.205366643,79,68,
2010,YR2010,Somalia,SOM,,,117.0854,102.0808151,96.37781798,70.34303567,45.095,,,6.869,,,,,,,,,55.655,52.47,54.02365854,95.6,156.2,148.9,162.7,2.685323445,45,46,50.7
2010,YR2010,South Africa,ZAF,,5.43413,54.1812,53.69656027,45.66513,79.87123791,21.536,,,2.467,2.90E+11,3.086635659,9516.448391,,630.926093,4.05375448,,7.203199318,56.144,52.721,54.3907561,35,52.9,48.2,57.4,1.351627063,66,74,58.9
2010,YR2010,South Sudan,SSD,47.6,,83.312,86.02065528,79.68462407,,37.355,,,5.194,,4.238671675,,,31.90180729,0.684870669,,22.58201126,54.494,52.485,53.465,71.2,111.9,106,117.4,4.320565107,,,57.6
2010,YR2010,Spain,ESP,,4.56952,11.474,47.12592763,21.96148125,55.22253408,10.5,,48.68760161,1.38,1.18E+12,-0.201262019,26908.04463,,2895.928746,7.124939263,,0.07972917,84.7,78.7,81.62682927,4,4.7,4.3,5,0.353072269,97,95,23
2010,YR2010,Sri Lanka,LKA,,1.74418,19.0704,49.00717257,37.43378081,41.77962048,18.477,4,,2.343,33253082140,8.015959406,4600.87303,36.4,82.03527924,1.573735767,7.72,7.298947764,76.915,70.746,73.75526829,8.9,10.3,9.4,11.2,0.987770482,99,99,34.9
2010,YR2010,St. Kitts and Nevis,K,,3.49635,,,,21.92307692,,,,,548826297.7,-2.409297654,15091.44205,,598.0022674,2.602747708,,0.488347864,,,,7.5,9.9,8.9,10.8,1.193292601,95,99,
2010,YR2010,St. Lucia,LCA,,4.47126,58.347,50.89398021,38.10690238,18.03278689,16.338,3.5,,1.982,1067166275,0.40253916,10031.9922,,527.9501329,4.245943976,,2.562063914,77.14,71.812,74.41102439,15.5,18.2,16.2,20.2,1.246198029,97,95,
2010,YR2010,St. Martin (French part),MAF,,,,,,,17,,,1.8,,,,,,,,,,,,,,,,1.382088439,,,
2010,YR2010,St. Vincent and the Gredines,VCT,,4.53692,56.276,49.79924642,39.70811937,25.64102564,17.101,4,,2.07,591892928.9,-2.785626335,9452.864627,,292.9073293,3.89597407,,3.235635536,74.33,70.142,72.18492683,21.4,23.9,21.7,26,0.061308995,99,99,
2010,YR2010,Sudan,SDN,55.8,0.868476416,93.02641,82.46741492,76.73145806,57.34217172,34.85,2.5,,4.637,35822262376,3.477218623,1777.482554,,110.7765254,1.988367872,,18.83496545,63.272,59.77,61.47829268,52,77.9,71.7,83.6,2.26609785,90,90,50.6
2010,YR2010,Surime,SUR,,,36.936,54.03846043,44.11205301,0.5,18.447,,,2.345,2188868338,4.220629047,7113.605152,,472.0516443,2.942626769,,8.162805592,73.682,67.149,70.33582927,19.8,22.2,19.4,24.8,0.916062066,96,90,51.7
2010,YR2010,Swaziland,SWZ,57.6,6.93466,78.3852,72.95459282,67.17749532,71.04651163,30.816,,,3.559,2917342648,1.866465856,4721.839375,51.49,242.6825464,5.535319993,4.05,-0.971082459,47.915,48.756,48.3457561,61.2,91.9,86.6,96.9,1.645278461,89,94,58.4
2010,YR2010,Sweden,SWE,,6.21968,6.3216,53.16380636,25.28308055,7.518155676,12.3,,38.72086881,1.98,4.02E+11,6.556845091,34125.34932,,4708.388906,7.744444588,,0.849062987,83.5,79.5,81.45121951,2.4,3,2.8,3.3,0.852524629,98,97,30
2010,YR2010,Switzerland,CHE,,5.3029,2.9412,46.97654102,22.12669993,38.0875,10.3,,,1.52,4.28E+11,2.953221916,39041.58165,,7699.161783,7.099355327,,0.336598027,84.5,80.1,82.24634146,3.8,4.5,4.1,4.9,1.041558058,96,92,30.1
2010,YR2010,Syrian Arab Republic,SYR,,2.596069287,42.7822,65.19061994,59.02958325,75.73925829,24.964,,,3.078,36613976515,3.2,4501.736439,,96.58501045,1.567106848,,6.264043253,77.529,72.333,74.86763415,13.1,15.2,13.6,16.7,2.354674751,80,82,
2010,YR2010,Tajikistan,TJK,,3.20437,43.6072,64.5221893,59.08497083,34.60988854,32.553,4,,3.78,3181403840,6.5,1746.42209,,49.06823121,1.594689764,,12.46166677,70.376,63.776,66.9955122,52.1,62.5,56,68.4,2.387288407,93,94,33.3
2010,YR2010,Tanzania,TZA,70.6,2.393334637,125.8002,92.14022486,86.15402838,42.10882818,40.643,3.5,,5.428,19720449299,7.043072344,1288.502362,,36.7589653,2.81708317,,6.933169212,60.307,58.11,59.18170732,41.5,61.6,57.7,65.3,3.010116932,91,92,58
2010,YR2010,Thailand,THA,,4.05897,40.8424,39.2789904,26.92604427,41.2221809,11.026,,28.77322015,1.443,2.10E+11,7.810512395,7987.177538,39.37,179.1481965,2.913826974,6.76,3.663192169,77.246,70.545,73.81378049,12.2,14.2,12.2,16,0.188395185,99,98,43.6
2010,YR2010,Timor-Leste,TMP,70.9,3.27329,57.6466,101.6706098,95.44197839,24.5460659,36.445,3.5,,5.578,732847298.6,9.492558303,1367.256757,,44.68038609,4.289909725,,3.217612193,67.5,64.463,65.94446341,51.5,61.7,56.4,66.6,2.879661709,72,66,
2010,YR2010,Togo,TGO,32.1,4.44023,90.9492,81.19980127,76.22879986,68.02721088,37.492,3,,4.792,2477350119,3.995700241,862.041038,,39.11017399,3.423685031,,1.17721752,56.272,54.704,55.46887805,65.1,101,93.8,107.8,2.595340664,86,68,58.5
2010,YR2010,Tonga,TON,,2.95537,19.7864,76.48515081,66.13658196,43.05555556,27.176,3,,3.914,268854243,3.330222255,4154.84963,,172.2227015,4.075684148,,3.747173989,75.159,69.348,72.18263415,11.8,13.7,12.1,15.1,0.521057739,99,99,
2010,YR2010,Trinidad and Tobago,TTO,,4.0064,36.1182,40.87442135,29.1939246,10.52631579,15.132,,,1.802,18988955441,0.208573226,23447.77458,,976.5431982,3.317065296,,7.951453075,73.257,66.112,69.59736585,19.5,21.9,19.6,24.1,0.42080894,90,92,52.2
2010,YR2010,Tunisia,TUN,,5.97324,5.044,43.76173386,33.77377127,64.61122554,18.6,,40.36314806,2.13,40161154597,3,8494.592783,36.06,241.3649283,3.101559446,6.74,4.736208606,76.6,72.7,74.60243902,15,17.5,16,19,1.043428068,98,97,36
2010,YR2010,Turkey,TUR,,2.64391,34.2858,50.94833669,40.30606504,50.68929226,17.746,,50.93953162,2.101,5.65E+11,9.156952929,12671.11386,40.03,668.3650473,4.99115452,5.53,5.675739721,77.773,70.819,74.21119512,13.6,15.8,14.2,17.4,1.250503938,97,97,30.3
2010,YR2010,Turkmenistan,TKM,,,19.1544,50.04271507,43.85721159,69.49971272,21.796,,,2.412,13272745852,9.2,7343.650041,,105.3740844,1.49829375,,0.334708015,69.314,60.927,65.01821951,47.6,56.4,48.3,64.2,1.258040152,96,99,
2010,YR2010,Turks and Caicos Islands,TCA,,,,,,1.052631579,,,,,,,,,,,,,,,,,,,,2.436436653,,,
2010,YR2010,Tuvalu,TUV,,,,,,60,,,,,23813390.63,-2.729427912,,,461.0534791,14.4327171,,2.643296858,,,,26.3,31.6,28.5,34.7,0.193532019,89,85,
2010,YR2010,Uganda,UGA,,2.96445,135.9608,105.3612152,100.3384013,70.37685802,44.639,3.5,32.31450396,6.155,13362034649,5.861476763,1129.795702,,44.00649717,2.117107051,,9.549886164,58.198,56.438,57.29653659,51.2,78.3,71.2,85.1,3.359655142,80,73,57.3
2010,YR2010,Ukraine,UKR,,5.86266,27.717,42.2068508,19.7612541,71.23351516,10.8,,29.88033095,1.445,90577255848,4.2,6028.868603,25.62,234.353668,4.421334806,9.93,13.75042084,75.5,65.3,70.27560976,10.2,11.8,10.3,13.2,-0.397285236,52,56,41.2
2010,YR2010,United Arab Emirates,ARE,,,28.5238,16.54258111,16.15212411,4.752392344,15.969,,,1.868,2.04E+11,-1.817172273,36480.42487,,1467.48791,2.703471384,,8.288465238,77.623,75.623,76.59860976,7.5,8.8,7.8,9.7,8.956780682,94,94,
2010,YR2010,United Kingdom,GBR,,5.14471,25.794,51.85853841,26.66656317,71.19414707,13,,85.53662961,1.98,2.36E+12,1.659754161,32765.53029,,3494.731159,7.99103213,,3.104436937,82.4,78.5,80.40243902,4.4,5.2,4.7,5.7,0.74168913,94,89,30.4
2010,YR2010,United States,USA,,4.789323805,34.4682,49.03995659,29.56826886,44.9233773,13,,74.07095726,1.931,1.36E+13,2.507299954,43952.44649,,8232.875307,8.485467672,,1.210468625,81,76.2,78.54146341,6.3,7.4,6.7,8.1,0.829319901,95,92,19.6
2010,YR2010,Uruguay,URY,,2.30441,59.428,57.18437162,35.37557671,82.05919324,14.78,,45.86016261,2.08,22990234866,8.947159427,12569.08315,45.32,947.7013153,5.289813472,4.92,4.839567473,80.198,73.205,76.61621951,7.7,9,8.1,9.9,0.343146249,95,95,19.7
2010,YR2010,Uzbekistan,UZB,,9.374764224,42.782,51.88831284,45.21993977,62.65867419,22.7,4,,2.499,21491158366,8.5,2753.560421,,79.92301058,2.731493245,,19.55160889,71.25,64.629,67.8587561,36.7,42.5,36.5,48.1,2.822849683,99,98,25.1
2010,YR2010,Vanuatu,VUT,,5.19003,45.9602,72.85575736,66.03147399,15.34044299,27.447,3.5,,3.499,503575271.4,1.632696617,4004.833368,,149.2207621,4.680190866,,2.6121246,72.859,68.915,70.83890244,16.3,19,17,21,2.340344693,68,52,
2010,YR2010,"Venezuela, RB",VEN,,3.55181,85.89279,54.08067991,45.4126371,24.09160478,20.691,,,2.472,1.75E+11,-1.488791251,10893.96819,,719.5377285,2.054236634,,45.9432687,77.217,71.269,74.17046341,13.7,16,14,17.8,1.59736996,78,79,36.1
2010,YR2010,Vietm,VNM,,2.813476789,30.1122,42.91951722,33.57369604,34.72764215,16.428,4.5,,1.82,78282167938,6.423238217,3030.299014,,82.78788554,2.537084283,,12.07435765,80.174,70.681,75.31173171,18.7,23.4,20.2,26.4,1.049400377,93,98,28.6
2010,YR2010,Virgin Islands (U.S.),VIR,,,50.7096,52.38354324,31.51177406,11.42857143,12,,,1.8,,,,,,,,,82.3,76.227,79.18943902,,,,,-0.413196565,,,
2010,YR2010,West Bank and Gaza,WBG,,,47.5236,81.27495224,76.26347354,41.26245847,31.237,,,4.216,,,,,,,,,74.342,71.02,72.6404878,20.2,23.9,21.8,25.8,2.898628666,,,
2010,YR2010,"Yemen, Rep.",YEM,,4.11816,50.7732,80.76794398,75.83509255,44.65973445,32.294,2,,4.498,20710400137,7.702307049,2507.409017,,79.94274913,1.174842337,,24.16121166,63.886,61.234,62.52765854,49.2,64.3,59.8,68.7,2.371090347,87,73,41.8
2010,YR2010,Zambia,ZMB,,1.31817,131.1308,98.27721968,93.01595898,31.9280593,43.217,3.5,,5.813,9799629000,7.620163434,1370.47282,57.49,73.84426272,3.628581992,3.58,11.68718864,55.764,53.35,54.52756098,62.9,100.4,94.2,106.5,3.010393667,83,96,51.2
2010,YR2010,Zimbabwe,ZWE,,2.5409,65.20081,82.53664734,75.26744163,42.18689415,32.17,2.5,,3.721,5120294858,9.62018498,,,,,,10.56100252,53.819,53.378,53.59312195,59.3,97.1,89.9,103.7,1.448540719,89,90,59.1